{"Nuriootpa": 0.2002492729538845, "NorahHead": 0.269347168179853, "Adelaide": 0.223257698541329, "Katherine": 0.17131474103585656, "Brisbane": 0.22438644331904947, "WaggaWagga": 0.1771885521885522, "Cairns": 0.31626754748142033, "Wollongong": 0.24420529801324503, "Moree": 0.14215686274509803, "Ballarat": 0.258408531583265, "SalmonGums": 0.16113945578231292, "Perth": 0.2033765213977228, "SydneyAirport": 0.2562685932851679, "AliceSprings": 0.08013217678645188, "Tuggeranong": 0.19093178036605657, "Launceston": 0.23586823912159413, "MelbourneAirport": 0.22522142555883592, "PearceRAAF": 0.18411386593204776, "Woomera": 0.06696982224059529, "Hobart": 0.23830121903263862, "GoldCoast": 0.25356244761106456, "Penrith": 0.19864464210080474, "Melbourne": 0.260253164556962, "MountGinini": 0.27702702702702703, "Newcastle": 0.2425, "PerthAirport": 0.1936824605153782, "Watsonia": 0.244940107393639, "Cobar": 0.12908704883227176, "Townsville": 0.17366490012229924, "Williamtown": 0.2730310262529833, "Albury": 0.20920502092050208, "Sale": 0.21263418662262593, "MountGambier": 0.3009991673605329, "Bendigo": 0.18418874172185432, "Nhil": 0.16035455278001612, "NorfolkIsland": 0.31025641025641026, "Sydney": 0.2631181577953945, "BadgerysCreek": 0.19631375910844406, "Walpole": 0.33066310636404095, "Richmond": 0.19287833827893175, "Darwin": 0.25736738703339884, "Dartmoor": 0.3165743502343417, "Mildura": 0.10961695191524043, "Uluru": 0.07705053852526926, "Canberra": 0.18525245187068654, "CoffsHarbour": 0.29129511677282377, "Portland": 0.35963071758287873, "Albany": 0.3034367141659681, "Witchcliffe": 0.3010204081632653}