{"SSE": 0.18771377753454646, "S": 0.2155296582427655, "SW": 0.19809134287661895, "NW": 0.28491372953841615, "E": 0.17329929418831658, "W": 0.2543505674653216, "NNE": 0.24433688286544047, "ENE": 0.1784452296819788, "N": 0.27853749820066215, "ESE": 0.17128727708676758, "WSW": 0.22588866532528504, "NNW": 0.28053863417762104, "NE": 0.1879339608085172, "SE": 0.18844486112738779, "SSW": 0.2261848897231347, "WNW": 0.2777938203869477}