{"ESE": 0.1480993911469475, "W": 0.2637579811492855, "NW": 0.2806583163413924, "N": 0.3069056520782934, "SE": 0.159978009895547, "E": 0.14640577296697196, "NNE": 0.26810114653683054, "ENE": 0.17726614071808083, "NE": 0.20848585690515806, "SW": 0.23064075311266322, "NNW": 0.3095429029671211, "SSE": 0.17611731843575418, "WNW": 0.2771626297577855, "S": 0.19906800640745595, "WSW": 0.24556915768317195, "SSW": 0.2223913411128023}