{"SE": 0.18375033629270918, "S": 0.22768670309653916, "WSW": 0.23444773592890394, "NW": 0.28476308454629917, "E": 0.15203718895269347, "WNW": 0.2816988416988417, "NNE": 0.22527578865879622, "ESE": 0.16305452082627836, "ENE": 0.16360236833904643, "N": 0.2712241211615951, "NE": 0.1851588851411326, "W": 0.26649484536082474, "SSW": 0.2191900130643054, "SSE": 0.19506380591782357, "SW": 0.20503235082674334, "NNW": 0.2851488880512627}